date,star,title
更新于 2021-08-11,2.3k,AJay13/ECommerceCrawlers
更新于 2021-08-10,1.1k,代码神童/YayCrawler
更新于 2021-08-08,519,Cherokee/neocrawler
更新于 2021-07-01,360,cloudskyme/zongtui-webcrawler
更新于 2021-06-26,356,DTC2/ECommerceCrawlers
更新于 2021-08-10,304,许雪里/xxl-crawler
更新于 2021-07-23,276,wycm/zhihu-crawler
更新于 2021-07-24,214,CrawlScript/WebCollector
更新于 2021-08-09,213,virjar/vscrawler
更新于 2021-06-03,207,code4everything/visual-spider
更新于 2021-07-13,179,刘志军/crawler_html2pdf
更新于 2021-08-11,2.3k,AJay13/ECommerceCrawlers
更新于 2021-08-10,1.1k,代码神童/YayCrawler
更新于 2021-08-08,519,Cherokee/neocrawler
更新于 2021-07-01,360,cloudskyme/zongtui-webcrawler
更新于 2021-06-26,356,DTC2/ECommerceCrawlers
更新于 2021-08-10,304,许雪里/xxl-crawler
更新于 2021-07-23,276,wycm/zhihu-crawler
更新于 2021-07-24,214,CrawlScript/WebCollector
更新于 2021-08-09,213,virjar/vscrawler
更新于 2021-06-03,207,code4everything/visual-spider
更新于 2021-07-13,179,刘志军/crawler_html2pdf
更新于 2021-08-04,51,crawlab-team/crawlab
更新于 2021-07-21,49,YimingZhao/Hawk
更新于 2021-07-19,46,加菲猫敲的是浮云/Crawler
更新于 2021-06-03,41,ketle/jiumozhi
更新于 2021-08-05,30,刘小明/Crawler
更新于 2021-08-05,20,z77z/TouTiaoCrawler
更新于 2021-03-05,19,爱犯迷糊的meallon/talent_photo_crawler
更新于 2021-07-13,17,如沐春/简单的PHP爬虫系统
更新于 2021-04-26,17,dongxl123/WinCrawler
更新于 2021-06-25,17,kanasimi/work_crawler
更新于 2021-08-05,16,IT小混混/SimpleCrawler
更新于 2021-08-11,176,shengqiangzhang/examples-of-web-crawlers
更新于 2021-08-05,162,乾坤盒子/MongooCrawler
更新于 2021-08-08,141,Ticsmyc/2019nCoV-Crawler
更新于 2021-05-15,135,itlabers/CrawlerDemon
更新于 2021-06-03,130,sessionOrcookie/ProxyIpPool
更新于 2021-06-10,104,lance/spring-boot-all
更新于 2021-05-15,96,R.hao/hao-crawler
更新于 2020-12-19,74,郭钟/GuozhongCrawler
更新于 2021-08-05,58,无极小子/SeimiCrawler
更新于 2021-08-04,56,宇润/nCov-Crawler
更新于 2021-08-05,53,达达软件/AndroidCrawler
更新于 2021-02-19,15,明丶星/crawler
更新于 2021-07-31,14,mumu/漫画爬虫
更新于 2021-03-11,13,rock117/web-crawler
更新于 2020-12-19,12,神箭手云爬虫/crawler_samples
更新于 2021-03-16,12,Staford/DoCrawler
更新于 2020-12-20,11,Corvey/豆瓣图书API爬虫
更新于 2021-08-05,11,胡户主/go_spider
更新于 2021-07-30,11,张小虾/java-crawler
更新于 2021-05-31,10,代码神童/YayCrawler.release
更新于 2021-06-03,10,Gitee 极速下载/XCrawler
更新于 2020-12-19,9,禾惠/node-webcrawler
更新于 2020-12-19,9,桔子/Mojo-Webqq-CollegePoint
更新于 2021-03-20,9,涂飞平/crawler4zb
更新于 2021-08-05,9,HZJ/小说爬虫网站
更新于 2021-06-29,9,xiaominger/StockCrawler
更新于 2020-11-13,8,Gitee 极速下载/CrawlerForReader
更新于 2020-12-19,8,弄月/alipay-crawler
更新于 2020-12-19,8,半糖主义/网络爬虫
更新于 2021-04-11,8,Feb-g/毕业设计-分布式爬虫与数据可视化
更新于 2020-12-19,8,mengtree/CrawlerFramework
更新于 2021-03-04,8,BMHJQS/vw-crawler
更新于 2020-12-19,8,jarlock/微信公众号爬虫
更新于 2021-08-04,8,海加尔金鹰/crawler
更新于 2021-08-05,8,无痕/智联招聘爬虫项目
更新于 2021-08-05,7,Corvey/豆瓣电影API爬虫
更新于 2020-12-25,7,liinux/crawler4j
更新于 2021-06-10,7,周老师/网络爬虫2020
更新于 2021-08-05,7,江清清/ZTTCrawler
更新于 2020-12-19,6,alphardex/looter
更新于 2020-12-19,6,桔子/Mojo-Ecrawler
更新于 2020-12-19,6,virjar/vscrawler-crawler-repository
更新于 2020-12-19,6,zhaoxilingchen/examples-of-crawlers
更新于 2020-12-19,6,Hoong/WebCrawler
更新于 2021-06-21,6,艾丽斯顿同学/crawler-girl
更新于 2021-03-08,5,hyt/appPyCrawler
更新于 2020-12-19,5,CrawlScript/WebCollector 1.x
更新于 2021-04-18,5,bxgj/墨迹天气爬虫
更新于 2021-08-04,5,devcp/crawler
更新于 2021-08-09,5,liweimin/爬虫代码片段 拼多多，团油，抖店
更新于 2021-08-09,5,友缘/Yuan-Crawler-Kit
更新于 2021-08-11,5,virjar/vscrawler-frontend
更新于 2021-03-07,5,duanlei/examples-of-web-crawlers
更新于 2021-05-02,5,Helo/京东手机商品信息爬虫
更新于 2020-12-19,5,plfplf123/WebCrawlerDemo
更新于 2021-07-02,5,porridge/crawler
更新于 2021-07-29,5,捕风的逍遥侯/geek_crawler
更新于 2021-08-04,5,左宏涛/snowball_crawler
更新于 2020-12-18,4,sUnnnn/美团商户爬虫
更新于 2021-07-16,4,张金富/go crawler
更新于 2020-12-19,4,黄小迎/huang-crawler
更新于 2021-01-07,4,God-body/TiebaCrawler
更新于 2021-04-03,4,Leaf /MzituCrawler
更新于 2021-03-29,4,重庆多哚互动技术有限责任公司/WebBrowser-WebCrawler
更新于 2021-07-05,4,yuanjiu/抓取全国高校，大学，幼儿园，初中，成人教育，培训机构数据
更新于 2020-12-19,4,会飞的鱼/crawler
更新于 2021-01-07,4,猛男过街/RFCrawler
更新于 2021-01-29,4,Jtyoui/crawler
更新于 2021-06-03,4,gavin_gui/zjobs
更新于 2021-05-05,4,sdshigang/ECommerceCrawlers
更新于 2021-05-17,4,世界线的观测者/webinfo-crawler
更新于 2020-12-19,4,Klaus88/wxSportCrawler
更新于 2020-12-18,3,Martin/Python 相关
更新于 2021-03-29,3,乐天派逗逗/examples-of-web-crawlers
更新于 2021-02-26,3,誓言/Python爬虫之视频网站
更新于 2021-02-18,3,江清/fundCrawLer
更新于 2021-05-31,3,PtvMiKu/基于Python的爬取TwitCasting视频的工具
